q_nm^-1,I(q)_perVol,I_self_perVol,I_pair_perVol,I_pair0_perVol,I_pair2_perVol,Seff,Snn(q),O2(q),<|F|^2>,A0(q),A2(q),I0(q),I2(q)
1.000000000000000048e-04,1.233720851576501758e+02,1.233699264689405197e+02,2.158688709655217589e-03,2.158688709639429437e-03,1.578834058434251242e-14,1.000017497689845936e+00,6.845902217623580555e+01,4.739028600034639002e-04,3.855310202154391445e+06,9.999999999999460432e-01,1.041111343487349126e-06,1.677568255545893335e+05,1.178499729920902350e+00
1.047370897959449686e-04,1.233720726266368501e+02,1.233699140019396481e+02,2.158624697205509084e-03,2.158624697191097001e-03,1.441191905810793632e-14,1.000017497172748016e+00,6.845702178722619635e+01,3.943425524840103095e-04,3.855309812560614198e+06,9.999999999999343858e-01,1.142084382547416146e-06,1.677518509952301683e+05,9.806494765516471368e-01
1.096985797892384082e-04,1.233720588802960378e+02,1.233699003258181506e+02,2.158554477891149424e-03,2.158554477877988077e-03,1.316114256563146683e-14,1.000017496605510647e+00,6.845482743369240097e+01,3.282799866936397760e-04,3.855309385181817226e+06,9.999999999999217293e-01,1.252850377259844499e-06,1.677463940856708796e+05,8.163653531317874856e-01
1.148951000187308635e-04,1.233720438007589024e+02,1.233698853233088784e+02,2.158477450025939916e-03,2.158477450013914379e-03,1.202570676503325297e-14,1.000017495983273053e+00,6.845242031294120011e+01,2.734389684178908887e-04,3.855308916353402659e+06,9.999999999999054090e-01,1.374359106829853868e-06,1.677404080674494326e+05,6.799869290258748755e-01
1.203377840777589337e-04,1.233720272587250122e+02,1.233698688657713802e+02,2.158392953627929524e-03,2.158392953616933112e-03,1.099638181468653457e-14,1.000017495300704162e+00,6.844977980053681677e+01,2.279284781305858138e-04,3.855308402055355720e+06,9.999999999998863132e-01,1.507652464173766607e-06,1.677338416518017184e+05,5.668116244671203008e-01
1.260382929679727457e-04,1.233720091123537372e+02,1.233698508120889556e+02,2.158300264777622719e-03,2.158300264767557854e-03,1.006495064812787714e-14,1.000017494551955544e+00,6.844688327399539673e+01,1.901776212207310305e-04,3.855307837877780199e+06,9.999999999998634426e-01,1.653873393383835414e-06,1.677266385812257067e+05,4.729329450427731119e-01
1.320088400831418048e-04,1.233719892060482550e+02,1.233698310074588278e+02,2.158198589431451625e-03,2.158198589422227667e-03,9.224159402960014077e-15,1.000017493730612994e+00,6.844370591945570936e+01,1.588815765407772631e-04,3.855307218983088620e+06,9.999999999998353539e-01,1.814275686448259827e-06,1.677187371487109340e+05,3.951060667609065935e-01
1.382622173764656490e-04,1.233719673691211085e+02,1.233698092820644661e+02,2.158087056638211421e-03,2.158087056629743802e-03,8.467680410479028186e-15,1.000017492829641252e+00,6.844022051969284348e+01,1.329566849356667697e-04,3.855306540064514615e+06,9.999999999998019362e-01,1.990234736640040782e-06,1.677100696705716837e+05,3.306361503847360384e-01
1.448118227674532956e-04,1.233719434143309002e+02,1.233697854496197976e+02,2.157964711101057875e-03,2.157964711093267665e-03,7.790088214086487893e-15,1.000017491841322714e+00,6.843639722168066442e+01,1.115031335238325270e-04,3.855305795300618745e+06,9.999999999997619682e-01,2.183259330897369979e-06,1.677005619084224454e+05,2.772855448523995903e-01
1.516716888470922469e-04,1.233719171362768066e+02,1.233697593057717796e+02,2.157830505022452147e-03,2.157830505015265188e-03,7.186849489105776972e-15,1.000017490757193483e+00,6.843220328174636791e+01,9.377395253042657586e-05,3.855304978305368219e+06,9.999999999997132294e-01,2.395004587885785295e-06,1.676901324354290846e+05,2.331966887262834076e-01
1.588565129428052810e-04,1.233718883096373560e+02,1.233697306263481863e+02,2.157683289163381257e-03,2.157683289156726858e-03,6.654328010100846164e-15,1.000017489567969431e+00,6.842760278617099345e+01,7.914925839113621641e-05,3.855304082073381171e+06,9.999999999996547206e-01,2.627286149517973640e-06,1.676786919414995064e+05,1.968280580469844721e-01
1.663816886076129118e-04,1.233718566872384912e+02,1.233696991654354491e+02,2.157521803041459636e-03,2.157521803035269709e-03,6.189806223114695982e-15,1.000017488263468479e+00,6.842255634488017790e+01,6.711485710735742719e-05,3.855303098919857759e+06,9.999999999995846656e-01,2.882095750616287985e-06,1.676661424715548928e+05,1.669009572428462596e-01
1.742633386009650781e-04,1.233718219979343900e+02,1.233696646532702061e+02,2.157344664185963448e-03,2.157344664180172074e-03,5.791525404452944386e-15,1.000017486832522895e+00,6.841702075566406904e+01,5.724447163570989348e-05,3.855302020414694212e+06,9.999999999995002886e-01,3.161618296364071089e-06,1.676523765905131586e+05,1.423553222735472745e-01
1.825183494319042592e-04,1.233717839442825266e+02,1.233696267939261730e+02,2.157150356359651029e-03,2.157150356354192288e-03,5.458746936530991626e-15,1.000017485262883588e+00,6.841094863610904042e+01,4.918498158525019028e-05,3.855300837310193107e+06,9.999999999993987032e-01,3.468250597408976457e-06,1.676372764679783431e+05,1.223130147683814811e-01
1.911644075385701799e-04,1.233717421999935340e+02,1.233695852627768801e+02,2.156937216648993280e-03,2.156937216643801253e-03,5.191837839807876048e-15,1.000017483541117969e+00,6.840428802016755583e+01,4.264416695262058577e-05,3.855299539461777546e+06,9.999999999992764677e-01,3.804621923421716501e-06,1.676207128749920521e+05,1.060473431960252122e-01
2.002200371815584547e-04,1.233716964071332711e+02,1.233695397037119506e+02,2.156703421315353530e-03,2.156703421310360996e-03,4.992384434303978627e-15,1.000017481652492934e+00,6.839698191600747634e+01,3.738053360406672602e-05,3.855298115740998648e+06,9.999999999991290300e-01,4.173616546635556598e-06,1.676025440844948462e+05,9.295776091406127151e-02
2.097046401323232709e-04,1.233716461730544154e+02,1.233694897260841259e+02,2.156446970289468360e-03,2.156446970284605063e-03,4.863338901387474651e-15,1.000017479580851631e+00,6.838896782146450448e+01,3.319486966824244380e-05,3.855296553940129001e+06,9.999999999989521715e-01,4.578398475043789640e-06,1.675826146663554828e+05,8.254886864050015038e-02
2.196385372416547008e-04,1.233715910670296836e+02,1.233694349013594973e+02,2.156165670180800430e-03,2.156165670175991343e-03,4.809204545918107975e-15,1.000017477308475344e+00,6.838017719308470532e+01,2.992324139019897532e-05,3.855294840667484328e+06,9.999999999987387866e-01,5.022438582110490324e-06,1.675607541669878410e+05,7.441299657159633485e-02
2.300430119772916963e-04,1.233715306165588288e+02,1.233693747594431613e+02,2.155857115661665747e-03,2.155857115656829338e-03,4.836266827834987588e-15,1.000017474815932728e+00,6.837053486437814342e+01,2.743118635522275589e-05,3.855292961232598871e+06,9.999999999984825472e-01,5.509544370875098700e-06,1.675367756626664777e+05,6.821576411419771890e-02
2.409403560239524325e-04,1.233714643033179073e+02,1.233693087846488368e+02,2.155518669072972737e-03,2.155518669068019668e-03,4.952878718752072104e-15,1.000017472081916603e+00,6.835995840849862759e+01,2.560890301676723701e-05,3.855290899520276114e+06,9.999999999981736831e-01,6.043892620455584055e-06,1.675104741746412183e+05,6.368411722311650980e-02
2.523539170434766117e-04,1.233713915587151035e+02,1.233692364112770150e+02,2.155147438084504489e-03,2.155147438079334579e-03,5.169810752204396216e-15,1.000017469083061439e+00,6.834835744012724490e+01,2.436726956462827797e-05,3.855288637852407061e+06,9.999999999978019805e-01,6.630065201925791479e-06,1.674816249330637220e+05,6.059642813848886700e-02
2.643081486974105496e-04,1.233713117590160380e+02,1.233691570187648097e+02,2.154740251227995479e-03,2.154740251222494671e-03,5.500678281357861928e-15,1.000017465793747062e+00,6.833563285088104067e+01,2.363455351866000553e-05,3.855286156836400274e+06,9.999999999973553377e-01,7.273088368549772692e-06,1.674499814756051637e+05,5.877431281663575424e-02
2.768286630392066683e-04,1.233712242199962930e+02,1.233690699263651851e+02,2.154293631104276744e-03,2.154293631098314499e-03,5.962461044378545701e-15,1.000017462185881723e+00,6.832167597203658715e+01,2.335369700280117675e-05,3.855283435198912397e+06,9.999999999968173237e-01,7.978475853929269156e-06,1.674152735653203563e+05,5.807587996040919354e-02
2.899422853882875021e-04,1.233711281910754991e+02,1.233689743873104447e+02,2.153803765048648271e-03,2.153803765042071935e-03,6.576133246813054043e-15,1.000017458228665168e+00,6.830636765782250563e+01,2.348008225261453201e-05,3.855280449603451416e+06,9.999999999961701747e-01,8.752276152696391456e-06,1.673772049109832442e+05,5.839017429231074807e-02
3.036771118035457235e-04,1.233710228488823049e+02,1.233688695824092889e+02,2.153266473019546309e-03,2.153266473012178939e-03,7.367426088147221919e-15,1.000017453888329300e+00,6.828957728194072274e+01,2.397969820897872327e-05,3.855277174450290389e+06,9.999999999953909091e-01,9.601124386477675354e-06,1.673354506716401665e+05,5.963261724704427280e-02
3.180625692794118915e-04,1.233709072901960297e+02,1.233687546130235688e+02,2.152677172454912306e-03,2.152677172446544433e-03,8.367749131537338147e-15,1.000017449127854174e+00,6.827116163932761594e+01,2.482764260945648297e-05,3.855273581656986848e+06,9.999999999944535478e-01,1.053229919867395256e-05,1.672896547255137702e+05,6.174128197834316545e-02
3.331294787934673722e-04,1.233707805242032549e+02,1.233686284933634312e+02,2.152030839818668256e-03,2.152030839809053117e-03,9.615302287082454198e-15,1.000017443906656922e+00,6.825096374448176562e+01,2.600690527131484144e-05,3.855269640417607501e+06,9.999999999933256722e-01,1.155378517115409469e-05,1.672394266816892778e+05,6.467386763206917077e-02
3.489101213406773793e-04,1.233706414640042226e+02,1.233684901420356823e+02,2.151321968536598888e-03,2.151321968525442448e-03,1.115641661106933544e-14,1.000017438180252238e+00,6.822881151696005020e+01,2.750738765184557313e-05,3.855265316938615404e+06,9.999999999919679805e-01,1.267434129000342582e-05,1.671843386112115113e+05,6.840526119275291972e-02
3.654383070957254701e-04,1.233704889172954751e+02,1.233683383727724845e+02,2.150544522995244227e-03,2.150544522982196938e-03,1.304716987115550312e-14,1.000017431899880904e+00,6.820451634384319561e+01,2.932512159300404851e-05,3.855260574149140157e+06,9.999999999903347314e-01,1.390357605783561921e-05,1.671239214722299366e+05,7.292559466089798548e-02
3.827494478516310964e-04,1.233703215761491236e+02,1.233681718842608745e+02,2.149691888250745975e-03,2.149691888235390636e-03,1.535533209144430630e-14,1.000017425012103223e+00,6.817787150813731500e+01,3.146165667470815004e-05,3.855255371383152436e+06,9.999999999883687485e-01,1.525202988574300177e-05,1.670576612017539446e+05,7.823872152562383331e-02
4.008806328898464845e-04,1.233701380058015644e+02,1.233679892489865040e+02,2.148756815066501635e-03,2.148756815048339080e-03,1.816270744554319633e-14,1.000017417458354707e+00,6.814865047120046881e+01,3.392359103564130020e-05,3.855249664030828513e+06,9.999999999860030853e-01,1.673126548061792021e-05,1.669849944443981512e+05,8.436105001172222728e-02
4.198707084443910179e-04,1.233699366323550919e+02,1.233677889009952224e+02,2.147731359868047200e-03,2.147731359846479383e-03,2.156795221832313350e-14,1.000017409174461136e+00,6.811660499633293853e+01,3.672222505575763163e-05,3.855243403156100772e+06,9.999999999831568065e-01,1.835396699952751199e-05,1.669053038861341774e+05,9.132068185870123589e-02
4.397603609302721379e-04,1.233697157292874778e+02,1.233675691224683106e+02,2.146606819172295656e-03,2.146606819146605703e-03,2.568996458459384531e-14,1.000017400090108310e+00,6.808146309969109211e+01,3.987332108342506848e-05,3.855236535077135079e+06,9.999999999797309913e-01,2.013404881898031920e-05,1.668179131586314761e+05,9.915681481120919294e-02
4.605922041145103524e-04,1.233694734026538811e+02,1.233673280289958711e+02,2.145373658015341332e-03,2.145373657984669252e-03,3.067196118052006811e-14,1.000017390128264072e+00,6.804292681365618023e+01,4.339695555877218707e-05,3.855229000906120986e+06,9.999999999756087332e-01,2.208677485666394452e-05,1.667220812772117788e+05,1.079193748799671670e-01
4.824108704165368721e-04,1.233692075748542720e+02,1.233670635534223976e+02,2.144021431868915490e-03,2.144021431832229124e-03,3.668637847958457464e-14,1.000017379204547030e+00,6.800066974672377285e+01,4.731745253817002420e-05,3.855220736044450197e+06,9.999999999706480347e-01,2.422888946868389666e-05,1.666169965727921226e+05,1.176688510307173363e-01
5.052631065335679277e-04,1.233689159668279558e+02,1.233667734281264501e+02,2.142538701500564489e-03,2.142538701456623510e-03,4.394076458420912008e-14,1.000017367226538889e+00,6.795433442288440062e+01,5.166338984963706599e-05,3.855211669628951699e+06,9.999999999646784765e-01,2.657876103858061300e-05,1.665017700754671532e+05,1.284763104914592446e-01
5.291978735958442325e-04,1.233685960785219464e+02,1.233664551655817547e+02,2.140912940197233459e-03,2.140912940144548606e-03,5.268486014077518040e-14,1.000017354093033717e+00,6.790352938236088676e+01,5.646767097687691072e-05,3.855201723924430087e+06,9.999999999574947784e-01,2.915653950157451481e-05,1.663754283046343189e+05,1.404235775133861885e-01
5.542664520663106911e-04,1.233682451674671228e+02,1.233661060370343847e+02,2.139130432736355801e-03,2.139130432673136840e-03,6.321910664832710617e-14,1.000017339693222596e+00,6.784782602445477551e+01,6.176765733953693525e-05,3.855190813657324761e+06,9.999999999488501379e-01,3.198432914333079947e-05,1.662369054177972139e+05,1.536035623249014659e-01
5.805225516094895130e-04,1.233678602252779228e+02,1.233657230491124750e+02,2.137176165453670042e-03,2.137176165377765048e-03,7.590486784414644654e-14,1.000017323905803224e+00,6.778675517216605328e+01,6.760535695717155840e-05,3.855178845284765121e+06,9.999999999384474592e-01,3.508637816426693907e-05,1.660850346674755565e+05,1.681207303004048637e-01
6.080224261649426910e-04,1.233674379518753454e+02,1.233653029181686236e+02,2.135033706723749123e-03,2.135033706632572491e-03,9.117670649995695253e-14,1.000017306598016020e+00,6.771980333720991041e+01,7.402766659331930818e-05,3.855165716192769818e+06,9.999999999259286954e-01,3.848928663085525095e-05,1.659185391130639473e+05,1.840917041232115192e-01
6.368249944718586218e-04,1.233669747272124511e+02,1.233648420421353080e+02,2.132685077138685679e-03,2.132685077029128351e-03,1.095571267163228626e-13,1.000017287624592521e+00,6.764640866310085698e+01,8.108666540510496058e-05,3.855151313816728536e+06,9.999999999108640791e-01,4.222223460270135040e-05,1.657360215321096475e+05,2.016459940322037347e-01
6.669919663030121322e-04,1.233664665802607345e+02,1.233643364696520877e+02,2.130110608643447437e-03,2.130110608511773251e-03,1.316742726839050662e-13,1.000017266826617846e+00,6.756595652313305322e+01,8.883995889720453995e-05,3.855135514676627703e+06,9.999999998927359135e-01,4.631723238563442788e-05,1.655359534733878390e+05,2.209268531651704670e-01
6.985879746785249268e-04,1.233659091549926643e+02,1.233637818662007959e+02,2.127288791865701231e-03,2.127288791707418122e-03,1.582831714778450833e-13,1.000017244030295460e+00,6.747777474943774223e+01,9.735107261497475317e-05,3.855118183318775147e+06,9.999999998709203641e-01,5.080939506691988688e-05,1.653166633925406495e+05,2.420922565933012471e-01
7.316807143427192690e-04,1.233652976730692927e+02,1.233631734769584227e+02,2.124196110865105361e-03,2.124196110674814002e-03,1.902912225731882872e-13,1.000017219045611361e+00,6.738112846889904972e+01,1.066898955228484842e-04,3.855099171154950745e+06,9.999999998446679195e-01,5.573724368432455531e-05,1.650763238100534654e+05,2.653160039128001912e-01
7.663410868007461971e-04,1.233646268929146999e+02,1.233625060860501748e+02,2.120806864524208118e-03,2.120806864295419342e-03,2.287887739413735828e-13,1.000017191664889227e+00,6.727521452162024218e+01,1.169331734083088576e-04,3.855078315189068206e+06,9.999999998130765233e-01,6.114303560977243522e-05,1.648129374311191496e+05,2.907889462399082525e-01
8.026433522257173624e-04,1.233638910648280245e+02,1.233617739718542055e+02,2.117092973814712568e-03,2.117092973539626624e-03,2.750857878823453902e-13,1.000017161661231446e+00,6.715915543799518161e+01,1.281650529315372087e-04,3.855055436620444059e+06,9.999999997750597114e-01,6.707312699285744595e-05,1.645243221678434638e+05,3.187203391513837580e-01
8.406652885618325121e-04,1.233630838817492616e+02,1.233609708579750617e+02,2.113023774201857469e-03,2.113023773871101647e-03,3.307557937322249484e-13,1.000017128786840015e+00,6.703199295134602664e+01,1.404776771040142861e-04,3.855030339311720803e+06,9.999999997293113063e-01,7.357837036612462946e-05,1.642080950064986246e+05,3.493393235182975509e-01
8.804883581643465056e-04,1.233621984252605017e+02,1.233600898594680046e+02,2.108565792501344242e-03,2.108565792103655849e-03,3.976885549712028244e-13,1.000017092771210647e+00,6.689268102470325061e+01,1.539718330187429406e-04,3.855002808108375408e+06,9.999999996742581221e-01,8.071455083175675335e-05,1.638616546665477799e+05,3.828965362789507054e-01
9.221978823334321543e-04,1.233612271063605874e+02,1.233591234238530063e+02,2.103682507582631690e-03,2.103682507104478582e-03,4.781531512321093908e-13,1.000017053319196769e+00,6.674007837278452371e+01,1.687576525576909724e-04,3.854972606995406561e+06,9.999999996080080056e-01,8.854286457258757446e-05,1.634821630043322220e+05,4.196658529553305428e-01
9.658832241158708896e-04,1.233601616005097696e+02,1.233580632664153427e+02,2.098334094428067672e-03,2.098334093853194190e-03,5.748734987318139347e-13,1.000017010108936955e+00,6.657294046384413377e+01,1.849553665503719986e-04,3.854939477075479459e+06,9.999999995282838894e-01,9.713044379534956356e-05,1.630665251233024173e+05,4.599462630916422157e-01
1.011637979766207094e-03,1.233589927763911618e+02,1.233569002992399533e+02,2.092477151215338133e-03,2.092477150524219530e-03,6.911187141280781988e-13,1.000016962789646469e+00,6.638991099100076099e+01,2.026961124260852722e-04,3.854903134351248853e+06,9.999999994323449659e-01,1.065509326153363045e-04,1.626113681649504579e+05,5.040638787206566107e-01
1.059560179277615945e-03,1.233577106177824447e+02,1.233556245533731470e+02,2.086064409302753036e-03,2.086064408471941922e-03,8.308111763516111446e-13,1.000016910979267148e+00,6.618951280927954883e+01,2.221227947593388239e-04,3.854863267292911187e+06,9.999999993168936507e-01,1.168851188331101169e-04,1.621130187710823375e+05,5.523740743646143869e-01
1.109752496412072130e-03,1.233563041378738490e+02,1.233542250934475817e+02,2.079044426273662146e-03,2.079044425275006561e-03,9.986556692794778169e-13,1.000016854261981614e+00,6.597013834325194637e+01,2.433909972125274102e-04,3.854819534170236904e+06,9.999999991779608965e-01,1.282216270215330339e-04,1.615674792295754887e+05,6.052637548506165643e-01
1.162322468679851794e-03,1.233547612853045337e+02,1.233526899240419823e+02,2.071361262551930146e-03,2.071361261351636375e-03,1.200293607606702412e-12,1.000016792185592696e+00,6.573003948127147567e+01,2.666699431817779365e-04,3.854771560126312077e+06,9.999999990107707459e-01,1.406576788901214251e-04,1.609704023434047122e+05,6.631537442408568239e-01
1.217382727739662078e-03,1.233530688411196792e+02,1.233510058869771342e+02,2.062954142551002342e-03,2.062954141108515153e-03,1.442487071758666288e-12,1.000016724258774525e+00,6.546731698638448904e+01,2.921435008891359658e-04,3.854718933968035504e+06,9.999999988095767955e-01,1.542999274509434583e-04,1.603170650977375335e+05,7.265012852918362185e-01
1.275051240713012809e-03,1.233512123057741263e+02,1.233491585486722499e+02,2.053757101882811020e-03,2.053757100149472721e-03,1.733338220104782847e-12,1.000016649948212377e+00,6.517990947161119664e+01,3.200112266618332195e-04,3.854661204646008089e+06,9.999999985674616898e-01,1.692653721661908906e-04,1.596023412437074294e+05,7.958026338770576302e-01
1.335451562929898745e-03,1.233491757752257030e+02,1.233471320766028470e+02,2.043698622853124588e-03,2.043698620770573876e-03,2.082550622727274621e-12,1.000016568675642814e+00,6.486558200917811234e+01,3.504894376065135781e-04,3.854597877393838950e+06,9.999999982761029749e-01,1.856823629398236775e-04,1.588206729718987190e+05,8.715957265089855355e-01
1.398713102647238578e-03,1.233469418050690365e+02,1.233449091038077086e+02,2.032701261329160174e-03,2.032701258827420039e-03,2.501740186460873246e-12,1.000016479814822556e+00,6.452191447013407810e+01,3.838123017137777451e-04,3.854528409493991174e+06,9.999999979254844407e-01,2.036917015890839873e-04,1.579660419153505063e+05,9.544628912066510651e-01
1.464971398307284749e-03,1.233444912615618705e+02,1.233424705802927548e+02,2.020681269115267697e-03,2.020681266110462958e-03,3.004804630693382096e-12,1.000016382688457606e+00,6.414628972359335535e+01,4.202329294860426964e-04,3.854452205634148791e+06,9.999999975035527289e-01,2.234478502767758444e-04,1.570319398034818005e+05,1.045033562151431283e+00
1.534368408930013262e-03,1.233418031582852876e+02,1.233397956100680517e+02,2.007548217242040821e-03,2.007548213633678948e-03,3.608361940648676424e-12,1.000016276565137030e+00,6.373588186452339954e+01,4.600244463135715620e-04,3.854368612814626656e+06,9.999999969958029977e-01,2.451202573013009094e-04,1.560113391870014311e+05,1.143986946467455468e+00
1.607052818261638441e-03,1.233388544770617443e+02,1.233368612724346463e+02,1.993204627102509834e-03,1.993204622770240048e-03,4.332269879480609990e-12,1.000016160656324038e+00,6.328764468675360177e+01,5.034810188456116621e-04,3.854276914763582870e+06,9.999999963847789886e-01,2.688948116538297491e-04,1.548966647726322990e+05,1.252054576597231517e+00
1.683180353330956556e-03,1.233356199716218100e+02,1.233336424260036210e+02,1.977545618193422925e-03,1.977545612993182513e-03,5.200240486407436524e-12,1.000016034113476948e+00,6.279830067489204026e+01,5.509188012970366033e-04,3.854176325812613126e+06,9.999999956494745046e-01,2.949754388807179013e-04,1.536797660482543870e+05,1.370022663573204014e+00
1.762914118095947925e-03,1.233320719523703133e+02,1.233301114937869301e+02,1.960458583384528178e-03,1.960458577143962822e-03,6.240565518439213110e-12,1.000015896025387763e+00,6.226433085649151167e+01,6.026767587388763212e-04,3.854065984180841595e+06,9.999999947646098786e-01,3.235858519902230410e-04,1.523518920473117905e+05,1.498734144373340627e+00
1.846424942895542615e-03,1.233281800504449137e+02,1.233262382275397187e+02,1.941822905189418812e-03,1.941822897702447917e-03,7.486970988068565218e-12,1.000015745415842483e+00,6.168196593551227380e+01,6.591173136419978696e-04,3.853944944610616192e+06,9.999999936997626682e-01,3.549714725051558652e-04,1.509036692995435733e+05,1.639090289743361240e+00
1.933891750455232110e-03,1.233239109590906395e+02,1.233219894493611406e+02,1.921509729495289760e-03,1.921509720515668460e-03,8.979621264529403605e-12,1.000015581241740170e+00,6.104717922137299979e+01,7.206267489241518966e-04,3.853812170292535797e+06,9.999999924183221589e-01,3.894015382241648835e-04,1.493250842469759518e+05,1.792051706492514995e+00
2.025501939230666629e-03,1.233192281501881240e+02,1.233173287683714534e+02,1.899381816672384565e-03,1.899381805906088941e-03,1.076629556803705548e-11,1.000015402391826402e+00,6.035568197611292618e+01,7.876152850823628544e-04,3.853666524011608213e+06,9.999999908762289280e-01,4.271714158848185605e-04,1.476054716732639354e+05,1.958638529306099940e+00
2.121451784910629874e-03,1.233140915635695336e+02,1.233122162700755666e+02,1.875293493971526108e-03,1.875293481067764065e-03,1.290376197453391267e-11,1.000015207686234975e+00,5.960292192680068268e+01,8.605167302014187251e-04,3.853506758439861704e+06,9.999999890204610553e-01,4.686051386935833956e-04,1.457335110043554450e+05,2.139929550387979162e+00
2.221946860939523916e-03,1.233084572665360810e+02,1.233066081757984165e+02,1.849090737666003867e-03,1.849090722206627683e-03,1.545937608154506020e-11,1.000014995877066326e+00,5.878408583244618058e+01,9.397875791714283521e-04,3.853331505493700504e+06,9.999999867872086945e-01,5.140581906543361399e-04,1.436972326918776380e+05,2.337059979398418363e+00
2.327202478960407363e-03,1.233022770807470607e+02,1.233004564693285374e+02,1.820611418527881163e-03,1.820611400014948223e-03,1.851293299467684645e-11,1.000014765650271364e+00,5.789410715510165772e+01,1.025905411703233487e-03,3.853139264666516799e+06,9.999999840996797174e-01,5.639205617632554691e-04,1.414840372896000044e+05,2.551217459645243935e+00
2.437444150122221927e-03,1.232954981733896460e+02,1.232937084876396909e+02,1.789685749954001304e-03,1.789685727795199384e-03,2.215880189487352305e-11,1.000014515629158218e+00,5.692768006375052181e+01,1.119366406999731337e-03,3.852928390238740481e+06,9.999999808654580491e-01,6.186201005181352205e-04,1.390807302782491315e+05,2.783635887578462587e+00
2.552908068239516468e-03,1.232880626092478025e+02,1.232863064722634476e+02,1.756136984350959189e-03,1.756136957842587519e-03,2.650837159314792760e-11,1.000014244379887840e+00,5.587928119626828760e+01,1.220681755442067128e-03,3.852697077258232981e+06,9.999999769733238786e-01,6.786261927752614562e-04,1.364735761830656556e+05,3.035586489385892150e+00
2.673841615839946464e-03,1.232799068599780412e+02,1.232781870775678499e+02,1.719782410190081332e-03,1.719782378497248946e-03,3.169283241668644565e-11,1.000013950419380349e+00,5.474320081729395326e+01,1.330372703519655097e-03,3.852443346173995640e+06,9.999999722894262755e-01,7.444537988499243166e-04,1.336483760570737941e+05,3.308365498745025945e+00
2.800503894183630979e-03,1.232709612665558581e+02,1.232692808318465296e+02,1.680434709334159733e-03,1.680434671467846350e-03,3.786631345828820475e-11,1.000013632226115057e+00,5.351358523455768079e+01,1.448963916538471147e-03,3.852165025995204225e+06,9.999999666526770969e-01,8.166678839031586527e-04,1.305905729618347541e+05,3.603277651232659196e+00
2.933166278390042427e-03,1.232611494504848935e+02,1.232595115467432692e+02,1.637903741630421586e-03,1.637903696421038257e-03,4.520938324696552268e-11,1.000013288254359312e+00,5.218449256723168617e+01,1.576974783393970654e-03,3.851859735835727304e+06,9.999999598692077551e-01,8.958882801074687530e-04,1.272853906519578013e+05,3.921614561069084459e+00
3.072112998861759037e-03,1.232503876689549713e+02,1.232487956701238971e+02,1.591998831072984370e-03,1.591998777140080003e-03,5.393290436014254559e-11,1.000012916952432773e+00,5.074996418826746236e+01,1.714908217877797415e-03,3.851524864691372029e+06,9.999999517056945564e-01,9.827950228964118292e-04,1.237180112376178149e+05,4.264626872252570422e+00
3.217641750250735486e-03,1.232385841086920948e+02,1.232370415770574397e+02,1.542531634660651921e-03,1.542531570378446060e-03,6.428220585737854337e-11,1.000012516785658834e+00,4.920411437588554548e+01,1.863236430607835732e-03,3.851157549283045344e+06,9.999999418813281249e-01,1.078134207792272011e-03,1.198737981295199716e+05,4.633488876252130240e+00
3.370064329271928172e-03,1.232256381127616578e+02,1.232241487930808006e+02,1.489319680859837710e-03,1.489319604318339310e-03,7.654149830900458836e-11,1.000012086264709055e+00,4.754124089012895382e+01,2.022383053823855088e-03,3.850754649783775210e+06,9.999999300581422501e-01,1.182724418914520926e-03,1.157385710202291666e+05,5.029254060021081330e+00
3.529707302730649993e-03,1.232114393340611542e+02,1.232100071433925592e+02,1.432190668595068484e-03,1.432190577556668358e-03,9.103840020244794128e-11,1.000011623980079145e+00,4.575595931578277487e+01,2.192700897265682878e-03,3.850312723231017590e+06,9.999999158293788604e-01,1.297463785359040823e-03,1.112989399676029861e+05,5.452799789404181752e+00
3.696912707195028347e-03,1.231958668086665512e+02,1.231944958210475676e+02,1.370987618987064022e-03,1.370987510838698109e-03,1.081483658713648809e-10,1.000011128643449876e+00,4.384336405350753552e+01,2.374444496774178511e-03,3.849827994407736696e+06,9.999998987054746769e-01,1.423337727233290077e-03,1.065427057468960411e+05,5.904759043108725791e+00
3.872038781812556923e-03,1.231787879415737592e+02,1.231774823666043090e+02,1.305574969450363186e-03,1.305574841151666866e-03,1.282986963553315451e-10,1.000010599136663236e+00,4.179921875952865662e+01,2.567736488291235287e-03,3.849296323956384789e+06,9.999998780971983692e-01,1.561427459315431173e-03,1.014593334354152030e+05,6.385436791702730375e+00
4.055460735840827821e-03,1.231600573966990311e+02,1.231588215510072359e+02,1.235845691792604711e-03,1.235845539820938557e-03,1.519716661951782401e-10,1.000010034568991735e+00,3.962017878516429903e+01,2.772526699564360417e-03,3.848713173468976282e+06,9.999998532953456865e-01,1.712919327105320725e-03,9.604050557424451108e+04,6.894708267030097204e+00
4.247571552536898512e-03,1.231395158822646039e+02,1.231383541527637249e+02,1.161729500881344881e-03,1.161729321175245921e-03,1.797060989417176255e-10,1.000009434343254622e+00,3.730404769634051121e+01,2.988542702244751346e-03,3.848073567273866385e+06,9.999998234462963431e-01,1.879115057553144537e-03,9.028076007994575775e+04,7.431895995366602392e+00
4.448782831127585241e-03,1.231169888218952906e+02,1.231159056196990491e+02,1.083202196238650236e-03,1.083201984142193519e-03,2.120964567908774319e-10,1.000008798231152962e+00,3.485006919681871551e+01,3.215230412044601908e-03,3.847372050615595654e+06,9.999997875225861144e-01,2.061443015059094639e-03,8.417821619806878152e+04,7.995622082129528962e+00
4.659525668664682083e-03,1.230922849008807987e+02,1.230912846047374813e+02,1.000296143314139113e-03,1.000295893525983025e-03,2.497881561835950306e-10,1.000008126457909041e+00,3.225925466606993552e+01,3.451683170339284006e-03,3.846602643898046575e+06,9.999997442874740683e-01,2.261470562482148332e-03,7.773538902302226052e+04,8.583631852290650954e+00
4.880251583654433324e-03,1.230651944761163463e+02,1.230642813642646303e+02,9.131118517209793140e-04,9.131115582536213689e-04,2.934673579909493603e-10,1.000007419795911456e+00,2.953474497692833367e+01,3.696557596367671013e-03,3.845758792633269913e+06,9.999996922522812470e-01,2.480917637054722794e-03,7.096008926476212218e+04,9.192584591965783147e+00
5.111433483440165799e-03,1.230354878372145322e+02,1.230346660066726514e+02,8.218305418866191916e-04,8.218301980437395671e-04,3.438428796602084025e-10,1.000006679666540776e+00,2.668220320091236530e+01,3.947974378502564288e-03,3.844833312708520330e+06,9.999996296250197592e-01,2.721671662280908659e-03,6.386639982680781395e+04,9.817806836544320959e+00
5.353566677410724443e-03,1.230029133051808685e+02,1.230021865776738679e+02,7.267275070001469805e-04,7.267271053830432577e-04,4.016171037357688764e-10,1.000005908248684294e+00,2.371023216633947328e+01,4.203402094978606757e-03,3.843818330552308355e+06,9.999995542485299316e-01,2.985803929330404279e-03,5.647571418808578164e+04,1.045300345654177931e+01
5.607169938205458157e-03,1.229671951538651342e+02,1.229665669678932716e+02,6.281859718633821602e-04,6.281855044216087206e-04,4.674417734142844654e-10,1.000005108591606184e+00,2.063080754459343424e+01,4.459522145207815008e-03,3.842705217746664770e+06,9.999994635259839004e-01,3.275587595162771440e-03,4.881781340012059081e+04,1.108992176933745100e+01
5.872786613189483196e-03,1.229280313381378846e+02,1.229275046271148000e+02,5.267110230840238612e-04,5.267104812306964631e-04,5.418533274225389106e-10,1.000004284728829962e+00,1.745971316598313194e+01,4.712072967796182045e-03,3.841484519597337581e+06,9.999993543311622712e-01,3.593517459869429061e-03,4.093194862876509433e+04,1.171796414116343499e+01
6.150985788580504154e-03,1.228850910114018404e+02,1.228846680683658121e+02,4.229430360297619707e-04,4.229424108488753645e-04,6.251808865808109295e-10,1.000003441788488878e+00,1.421696060992236532e+01,4.955671967581883573e-03,3.840145877136431634e+06,9.999992229003844546e-01,3.942331702633528924e-03,3.286788458937525866e+04,1.232374515597805953e+01
6.442363508721370147e-03,1.228380118136360863e+02,1.228376941437811496e+02,3.176698549322682329e-04,3.176691375141519995e-04,7.174181162456321237e-10,1.000002586094253409e+00,1.092716983217604998e+01,5.183614032726555423e-03,3.838677941993161105e+06,9.999990647023314638e-01,4.325035774487158945e-03,2.468684608911811665e+04,1.289059056857726659e+01
6.747544053110693212e-03,1.227863969097037113e+02,1.227861850729059512e+02,2.118367977560864195e-04,2.118359797081745114e-04,8.180479119028011776e-10,1.000001725249445972e+00,7.619881818005694640e+00,5.387646272750455309e-03,3.837068283528311178e+06,9.999988742812265796e-01,4.744928666950479039e-03,1.646229553155889153e+04,1.339797712404470076e+01
7.067181273927491438e-03,1.227298117561422117e+02,1.227297052027779074e+02,1.065533643041804447e-04,1.065524384980155595e-04,9.258061648833442782e-10,1.000000868195390247e+00,4.329768214672848003e+00,5.557719748607394851e-03,3.835303287586809602e+06,9.999986450678933769e-01,5.205631798878289536e-03,8.280454229929047870e+03,1.382091516109863960e+01
7.401959996915644276e-03,1.226677805731355733e+02,1.226677774777999161e+02,3.095335662582484880e-06,3.094297294814469922e-06,1.038367768015151785e-09,1.000000025233486189e+00,1.096696948160968077e+00,5.681720619281043459e-03,3.833368046181247570e+06,9.999983691520901719e-01,5.711120789775744888e-03,2.404655825268564513e+02,1.412928002852692089e+01
7.752597488629464108e-03,1.225997824968651173e+02,1.225998795960841363e+02,-9.709921901812618552e-05,-9.710037095270370995e-05,1.151934577519176676e-09,9.999992079990670524e-01,-2.034392548759824226e+00,5.745185444885886686e-03,3.831246237377629615e+06,9.999980370081531511e-01,6.265760416753488916e-03,-7.545915209630329628e+03,1.428710410208122994e+01
8.119844993184008319e-03,1.225252473860063134e+02,1.225254398276523347e+02,-1.924416460175219301e-04,-1.924429067189275318e-04,1.260701405590573821e-09,9.999984293739627716e-01,-5.013855044717757892e+00,5.731008539977875023e-03,3.828919994614135474e+06,9.999976371643202189e-01,6.874343084621807598e-03,-1.495523058445253992e+04,1.425184903186476504e+01
8.504489341802676933e-03,1.224435512548346168e+02,1.224438324686430946e+02,-2.812138084737994558e-04,-2.812151646463601005e-04,1.356172560650075361e-09,9.999977033240237123e-01,-7.787998889988996254e+00,5.619153464483541902e-03,3.826369764645096846e+06,9.999971558041191866e-01,7.542131174772969196e-03,-2.185396036293497309e+04,1.397368827913288669e+01
8.907354638610439843e-03,1.223540113043025030e+02,1.223543729045527613e+02,-3.616002502635990226e-04,-3.616016765620611180e-04,1.426298462112031047e-09,9.999970446479216069e-01,-1.030009108084693459e+01,5.386386194920070487e-03,3.823574153267274145e+06,9.999965762857796481e-01,8.274903679026375178e-03,-2.810102113914731308e+04,1.339484356755428962e+01
9.329304026284686302e-03,1.222558805216347224e+02,1.222563122545718812e+02,-4.317329371552297134e-04,-4.317343915554337709e-04,1.454400204036378268e-09,9.999964686245708112e-01,-1.249175534153088840e+01,5.006054464138902024e-03,3.820509757955371402e+06,9.999958785627089952e-01,9.079007570077393327e-03,-3.355124302486130910e+04,1.244903614617118137e+01
9.771241535346501458e-03,1.221483418185682552e+02,1.221488315683463100e+02,-4.897497780542446654e-04,-4.897511959050425889e-04,1.417850797941799342e-09,9.999959905488102763e-01,-1.430480080703858548e+01,4.447946406633131178e-03,3.817150986510822549e+06,9.999950384845276430e-01,9.961414411290087090e-03,-3.805991721057843824e+04,1.106113526911713052e+01
1.023411402105452693e-02,1.220305016784533478e+02,1.220310355460720615e+02,-5.338676187191922435e-04,-5.338689052060927595e-04,1.286486900516511442e-09,9.999956251488293368e-01,-1.568350293902328474e+01,3.678272157954542033e-03,3.813469860814752057e+06,9.999940269538565296e-01,1.092978276612826573e-02,-4.148846813802687393e+04,9.147112437121222683e+00
1.071891319205127598e-02,1.219013832831716115e+02,1.219019457528292207e+02,-5.624696576039756252e-04,-5.624706783405183323e-04,1.020736542695580225e-09,9.999953858844981003e-01,-1.657733509835999541e+01,2.659824478451114967e-03,3.809435804775913246e+06,9.999928089088537808e-01,1.199252703238971700e-02,-4.371124636385406484e+04,6.614440835973709909e+00
1.122667773510813496e-02,1.217599190923698274e+02,1.217604932986001387e+02,-5.742062303064738270e-04,-5.742067997764934697e-04,5.694700196634118183e-10,9.999952841335086884e-01,-1.694411785147996596e+01,1.352388652593135288e-03,3.805015415581254289e+06,9.999913420951740406e-01,1.315889339973300327e-02,-4.462336024197746156e+04,3.363114672524773141e+00
1.175849554052156923e-02,1.216049428500276122e+02,1.216055109566547543e+02,-5.681066271361264212e-04,-5.681064947531445659e-04,-1.323829818616332485e-10,9.999953282822244827e-01,-1.675351303105280465e+01,-2.865126157734187431e-04,3.800172217395461164e+06,9.999895755833387856e-01,1.443904371194480035e-02,-4.414936493966299167e+04,-7.124984227895083677e-01
1.231550603292826118e-02,1.214351809970616216e+02,1.214357246951058471e+02,-5.436980442247592825e-04,-5.436968778734915450e-04,-1.166351267760162489e-09,9.999955227504460087e-01,-1.599074070169450934e+01,-2.300437793541670103e-03,3.794866396722057834e+06,9.999874479781875047e-01,1.584414810947368940e-02,-4.225250577292717935e+04,-5.720719470587027899e+00
1.289890261253308010e-02,1.212492434737254285e+02,1.212497445996659877e+02,-5.011259405661597308e-04,-5.011233076718866856e-04,-2.632894273005018322e-09,9.999958669938463496e-01,-1.466034006678166257e+01,-4.732292611765890472e-03,3.789054518739562482e+06,9.999848852557354784e-01,1.738648743461875326e-02,-3.894407081450569240e+04,-1.176824627062183026e+01
1.350993521198026563e-02,1.210456139022163882e+02,1.210460551702457792e+02,-4.412680293844260218e-04,-4.412633758523944075e-04,-4.653532031636217745e-09,9.999963545443197876e-01,-1.278973149402647813e+01,-7.621917194124426358e-03,3.782689224070180673e+06,9.999817981489151908e-01,1.907956650339040841e-02,-3.429224892475470551e+04,-1.895415308253143394e+01
1.414991297434575919e-02,1.208226391483806879e+02,1.208230049803416364e+02,-3.658319609438583412e-04,-3.658245887638190020e-04,-7.372180039337092747e-09,9.999969721663435340e-01,-1.043226900578842198e+01,-1.100286518240783593e-02,3.775718905635676347e+06,9.999780789868615294e-01,2.093823948671415941e-02,-2.842972067230461471e+04,-2.736188096802993641e+01
1.482020705798858633e-02,1.205785182719564546e+02,1.205787956965548915e+02,-2.774245984430544079e-04,-2.774136434098001648e-04,-1.095503325422416092e-08,9.999976992256653929e-01,-7.669405247304858619e+00,-1.489825674658633303e-02,3.768087365517340600e+06,9.999735978718177210e-01,2.297884880208868330e-02,-2.155904216836536943e+04,-3.704892507299052795e+01
1.552225357427047987e-02,1.203112908876542235e+02,1.203114704665178465e+02,-1.795788636208255767e-04,-1.795632755271900816e-04,-1.558809363548970814e-08,9.999985073836856753e-01,-4.611530817832529827e+00,-1.931561931857754544e-02,3.759733452078682836e+06,9.999681980526110570e-01,2.521937909806180531e-02,-1.395473231203989417e+04,-4.803400458488943059e+01
1.625755666443795197e-02,1.200188249747712206e+02,1.200189016975109979e+02,-7.672273978012767468e-05,-7.670126863277587799e-05,-2.147114735179306682e-08,9.999993607445269994e-01,-1.397006473318197273e+00,-2.424069253360769394e-02,3.750590678047218826e+06,9.999616903229201492e-01,2.767962812173310402e-02,-5.960866075810350594e+03,-6.028165688585102089e+01
1.702769172225899671e-02,1.196988041911831431e+02,1.196987782657663075e+02,2.592541683871467503e-05,2.595422353476569202e-05,-2.880669605101564315e-08,1.000000216588817548e+00,1.811106921099765232e+00,-2.963027889943101872e-02,3.740586820805197116e+06,9.999538462348631640e-01,3.038139649814518284e-02,2.017057435454305960e+03,-7.368445862556143311e+01
1.783430876931909465e-02,1.193487147686455359e+02,1.193485922185950869e+02,1.225500504440450429e-04,1.225878325264895437e-04,-3.778208244449464756e-08,1.000001026824432371e+00,4.831082813457554082e+00,-3.540438222583568162e-02,3.729643506831096485e+06,9.999443898722295554e-01,3.334869872489602122e-02,9.527121361815239652e+03,-8.804347559932170952e+01
1.867913599020782842e-02,1.189658320905432731e+02,1.189656250588998461e+02,2.070316434214231462e-04,2.070801863352244882e-04,-4.854291380133630925e-08,1.000001740264411021e+00,7.471689504668693083e+00,-4.143810476142949228e-02,3.717675783090620302e+06,9.999329878708465014e-01,3.660799800148555050e-02,1.609377148162441154e+04,-1.030481125803329405e+02
1.956398343517064958e-02,1.185472070807634992e+02,1.185469337352969035e+02,2.733454665968795480e-04,2.734066226180927343e-04,-6.115602121320718451e-08,1.000002305799551072e+00,9.544647045550314957e+00,-4.755408115428955834e-02,3.704591679228028283e+06,9.999192373036313031e-01,4.018846787749012772e-02,2.124879397304519080e+04,-1.182572981234113740e+02
2.049074689815848227e-02,1.180896525635575358e+02,1.180893365020954491e+02,3.160614620867930593e-04,3.161370228957246760e-04,-7.556080893161542310e-08,1.000002676460647999e+00,1.088024379772465267e+01,-5.351661469847295016e-02,3.690291765690483153e+06,9.999026509615603908e-01,4.412228412460399152e-02,2.457015061501436139e+04,-1.330849026063492602e+02
2.146141197858403640e-02,1.175897297896957525e+02,1.175893988629897251e+02,3.309267060236887269e-04,3.310182152575660386e-04,-9.150923387729350423e-08,1.000002814256295336e+00,1.134553338423351221e+01,-5.902913546062758116e-02,3.674668714468428865e+06,9.998826394551659780e-01,4.844495072391525464e-02,2.572723089098418859e+04,-1.467934171093744453e+02
2.247805833548725124e-02,1.170437353650216750e+02,1.170434198719086254e+02,3.154931130512859667e-04,3.156016102165666104e-04,-1.084971652806395897e-07,1.000002695521998497e+00,1.086394617192247836e+01,-6.373708180666290413e-02,3.657606870997144841e+06,9.998584894290335479e-01,5.319566442192447120e-02,2.452962174459126618e+04,-1.585011191841080063e+02
2.354286414322417920e-02,1.164476888656730864e+02,1.164474191355452746e+02,2.697301278158952182e-04,2.698558217045790510e-04,-1.256938886838555484e-07,1.000002316325512508e+00,9.434433873905891943e+00,-6.723873890379139517e-02,3.638981847985790111e+06,9.998293370178347184e-01,5.841772295864699344e-02,2.097471630021635428e+04,-1.672090259969332919e+02
2.465811075822603796e-02,1.157973214831084476e+02,1.157971249462839864e+02,1.965368244598845353e-04,1.966787068028407999e-04,-1.418823429562597742e-07,1.000001697251331256e+00,7.147475134677922171e+00,-6.910681906676173492e-02,3.618660154571374878e+06,9.997941354683959059e-01,6.415898282193763236e-02,1.528751648778916388e+04,-1.718545602473808174e+02
2.582618760682677331e-02,1.150880661169091326e+02,1.150879640732610483e+02,1.020436480905341454e-04,1.021990784445650003e-04,-1.554303540308603449e-07,1.000000886657861354e+00,4.194514669008760244e+00,-6.892344247186671380e-02,3.596498877289407887e+06,9.997516155978867225e-01,7.047237324872455966e-02,7.944106255504908404e+03,-1.713985400673042250e+02
2.704959730463134260e-02,1.143150494317645212e+02,1.143150538548619153e+02,-4.423097388695496532e-06,-4.258775272971687263e-06,-1.643221157238095596e-07,9.999999613078308647e-01,8.668733663391289257e-01,-6.633040538158410659e-02,3.572345432964434847e+06,9.997002374400340008e-01,7.741647419201123925e-02,-3.310587781923677539e+02,-1.649501858401307288e+02
2.833096101839324005e-02,1.134730865273438241e+02,1.134731973697212908e+02,-1.108423774607516268e-04,-1.106760895699704546e-04,-1.662878907811690793e-07,9.999990231845049538e-01,-2.459879822200864208e+00,-6.109488309822262014e-02,3.546037417803790420e+06,9.996381310323979585e-01,8.505616711889102399e-02,-8.604015253237117577e+03,-1.519305100422440660e+02
2.967302408188869645e-02,1.125566790483616302e+02,1.125568826167110501e+02,-2.035683494201820517e-04,-2.034092742406919672e-04,-1.590751794900823586e-07,9.999981914180218201e-01,-5.359318690961623943e+00,-5.318767579274292362e-02,3.517402581772220321e+06,9.995630237962519482e-01,9.346336881566358334e-02,-1.581432819317536996e+04,-1.322668986560028088e+02
3.107866187782013997e-02,1.115600178000492662e+02,1.115602868085382937e+02,-2.690084890285899719e-04,-2.688675879566044635e-04,-1.409010719855316932e-07,9.999975886715898321e-01,-7.406549509635937056e+00,-4.286653270724134768e-02,3.486258962766821962e+06,9.994721513283231218e-01,1.027178598656300901e-01,-2.090537357508294372e+04,-1.066003214619979360e+02
3.255088599835059826e-02,1.104769912415658695e+02,1.104772870788598595e+02,-2.958372939914861240e-04,-2.957261886074961650e-04,-1.111053839899706845e-07,9.999973221890053887e-01,-8.247341832943112294e+00,-3.075102250791366884e-02,3.452415221214370802e+06,9.993621476241048018e-01,1.129082211426649524e-01,-2.299625254958381629e+04,-7.647151933225926257e+01
3.409285069746811198e-02,1.093012016080311639e+02,1.093014791186999020e+02,-2.775106687406906627e-04,-2.774396908438471194e-04,-7.097789684355326507e-08,9.999974610529429597e-01,-7.676680842971382646e+00,-1.786842482522354308e-02,3.415671222459372133e+06,9.992289097383846297e-01,1.241328935290349766e-01,-2.157713509046326726e+04,-4.443512712812911047e+01
3.570785964900462933e-02,1.080259908452982955e+02,1.080262054924474313e+02,-2.146471491333062020e-04,-2.146224975487983646e-04,-2.465158450783544475e-08,9.999980130085273089e-01,-5.713213585975573494e+00,-5.643620794011995276e-03,3.375818921638982370e+06,9.990674305985579595e-01,1.365013781023750872e-01,-1.669439259749501798e+04,-1.403453353598775522e+01
3.739937302478797687e-02,1.066444789882494177e+02,1.066445956328058173e+02,-1.166445563929285461e-04,-1.166647224696115541e-04,2.016607668301416675e-08,9.999989062309655452e-01,-2.649891143393992898e+00,4.197471567691306651e-03,3.332643613525182009e+06,9.988715920401938231e-01,1.501355961991208410e-01,-9.076534644038809347e+03,1.043825544508997893e+01
3.917101490809260511e-02,1.051496179969353051e+02,1.051496197710085880e+02,-1.774073285967358274e-06,-1.826071444528093427e-06,5.199815856073522632e-08,9.999999831281055629e-01,9.428572050450264586e-01,9.837914738565217351e-03,3.285925617844018620e+06,9.986339080275631330e-01,1.651714309591547358e-01,-1.421024731120414799e+02,2.446488688061352690e+01
4.102658105827194229e-02,1.035342642745456487e+02,1.035341593129413127e+02,1.049616043308083371e-04,1.049051557483025193e-04,5.644858250581897641e-08,1.000001013787189086e+00,4.283719999527518141e+00,9.705180473227251539e-03,3.235442478529416025e+06,9.983452053177961361e-01,1.817604740244728456e-01,8.165941713351887302e+03,2.413480384239151988e+01
4.297004704320839252e-02,1.017912729982334383e+02,1.017910964082443712e+02,1.765899890635421940e-04,1.765713389816845605e-04,1.865008185762979356e-08,1.000001734827458355e+00,6.528944159229152611e+00,2.913026561027589386e-03,3.180971762757636607e+06,9.979942253471670854e-01,2.000720027232910370e-01,1.374935614094348421e+04,7.244102758523837338e+00
4.500557675700497806e-02,9.991361689365231769e+01,9.991342565655450869e+01,1.912370978054674998e-04,1.913094063467094214e-04,-7.230854124192219686e-08,1.000001914028035399e+00,6.992999156402205152e+00,-1.025733548280349273e-02,3.122294551767328754e+06,9.975671266277486016e-01,2.202952138592304820e-01,1.490336624510890397e+04,-2.550790070375107632e+01
4.713753134116724364e-02,9.789453116879793981e+01,9.789439102358156219e+01,1.401452163806489069e-04,1.403623441724220571e-04,-2.171277917731388981e-07,1.000001431595977097e+00,5.399315043613944987e+00,-2.796404076909566813e-02,3.059199719486923888e+06,9.970468611370276735e-01,2.426417394015986106e-01,1.094019899077650734e+04,-6.954086433163847403e+01
4.937047852839003548e-02,9.572768517264930210e+01,9.572765106104924371e+01,3.411160005860733497e-05,3.451097233672127061e-05,-3.993722781139337800e-07,1.000000356340092766e+00,2.082350937851447092e+00,-4.668208458005122796e-02,2.991489095657789148e+06,9.964123906645142581e-01,2.673484657622531291e-01,2.691585967487603739e+03,-1.160888205429546645e+02
5.170920242896760721e-02,9.340738039770943146e+01,9.340747538871418953e+01,-9.499100476147555533e-05,-9.441055731832713417e-05,-5.804474431484188353e-07,9.999989830470809027e-01,-1.963256532140753130e+00,-6.155470798946124922e-02,2.918983605897318572e+06,9.956376993342215265e-01,2.946806701039610954e-01,-7.369014449055448495e+03,-1.530740007359522110e+02
5.415871378079470388e-02,9.092877436927612678e+01,9.092897504075870074e+01,-2.006714825724596979e-04,-1.999710183264095497e-04,-7.004642460501556899e-07,9.999977930963976913e-01,-5.282450706408614138e+00,-6.736570678415346181e-02,2.841530470023709349e+06,9.946905458924987231e-01,3.249354713846254183e-01,-1.562317319775157375e+04,-1.675247692121445766e+02
5.672426068491977919e-02,8.828813141674400811e+01,8.828836862546998532e+01,-2.372087259736178194e-04,-2.365192645122302106e-04,-6.894614613876006754e-07,9.999973132505485252e-01,-6.439353061294857739e+00,-6.010862653263737004e-02,2.759011519545936957e+06,9.935308830094309318e-01,3.584455661561954942e-01,-1.850015332985782152e+04,-1.494778911739670662e+02
5.941133984965033671e-02,8.548310444080316017e+01,8.548328520389618745e+01,-1.807630930220508001e-04,-1.802714806374413822e-04,-4.916123846094300529e-07,9.999978853983840787e-01,-4.678292025317763780e+00,-3.883604784326962628e-02,2.671352662621756084e+06,9.921088497742041046e-01,3.955831726504351886e-01,-1.412075381482206103e+04,-9.657732788140160096e+01
6.222570836730231120e-02,8.251305548147344382e+01,8.251310325343412444e+01,-4.777196067772817786e-05,-4.767241187617151548e-05,-9.954880155666484467e-08,9.999994210378861936e-01,-5.042606090859187429e-01,-7.122610445987422045e-03,2.578534476669816300e+06,9.903622165813618095e-01,4.367640308615117206e-01,-3.740789244288269401e+03,-1.771247906557605489e+01
6.517339604882427251e-02,7.937942431469643623e+01,7.937932292811187551e+01,1.013865845574339874e-04,1.009734042209451381e-04,4.131803364888450536e-07,1.000001277241740372e+00,4.193055014494102117e+00,2.676309213294144132e-02,2.480603841503496282e+06,9.882131274222564210e-01,4.824511850550994296e-01,7.940476392517186468e+03,6.655435008408511521e+01
6.826071834272386119e-02,7.608614930214180561e+01,7.608596593577840395e+01,1.833663633967250032e-04,1.824833533734923814e-04,8.830100232326284878e-07,1.000002409989295016e+00,6.786133755054889249e+00,5.175587515607608935e-02,2.377686435493075289e+06,9.855639420605718515e-01,5.331580838466436489e-01,1.438893419543524578e+04,1.287063025802582956e+02
7.149428986597576585e-02,7.264013001517182033e+01,7.263999360694170093e+01,1.364082301228032991e-04,1.353138460661087983e-04,1.094384056694513686e-06,1.000001877866769417e+00,5.304787165595461929e+00,5.801931997855981626e-02,2.269999800216928124e+06,9.822919291715975776e-01,5.894502345829194523e-01,1.070512744317292527e+04,1.442822120221586601e+02
7.488103857590022727e-02,6.905169832244239103e+01,6.905172903830683140e+01,-3.071586443673604566e-05,-3.158939863164002498e-05,8.735341949039822887e-07,9.999995551760272328e-01,-9.124736201469918484e-03,4.187159592081160508e-02,2.157866532447088510e+06,9.782425024627124932e-01,6.519441877108257399e-01,-2.509487343168263578e+03,1.041261166553688895e+02
7.842822061337681450e-02,6.533504367300305660e+01,6.533526351484859163e+01,-2.198418455339190558e-04,-2.200510237583429198e-04,2.091782244238749678e-07,9.999966351732019199e-01,-6.065812499055590834e+00,9.062528906605447215e-03,2.041726984839018434e+06,9.732206300927650489e-01,7.213019214185976136e-01,-1.757123415914367797e+04,2.253666050624135408e+01
8.214343584919429897e-02,6.150853602230803574e+01,6.150882079480184217e+01,-2.847724938075576464e-04,-2.840972754770954814e-04,-6.752183304621879854e-07,9.999953702169847025e-01,-8.181203223682654624e+00,-2.643461135915003632e-02,1.922150649837557692e+06,9.669799962338900823e-01,7.982176299194825297e-01,-2.283177932156779934e+04,-6.573748541440460258e+01
8.603464416684500349e-02,5.759491811061771216e+01,5.759504546831752236e+01,-1.273576998104958009e-04,-1.259692213784521092e-04,-1.388478432043695921e-06,9.999977887386184427e-01,-3.103940013462799463e+00,-4.911741879467004107e-02,1.799845170884922612e+06,9.592094804414742493e-01,8.833923293638944463e-01,-1.020566155148787584e+04,-1.221449998919765960e+02
9.011018251665019185e-02,5.362138519539464454e+01,5.362117386085380843e+01,2.113345408344489550e-04,2.129370404595917429e-04,-1.602499625142793793e-06,1.000003941251666362e+00,8.008073898624079590e+00,-5.123136309466173183e-02,1.675661683151681675e+06,9.495166019394717383e-01,9.774893787850514881e-01,1.742765003936425637e+04,-1.274019480914236766e+02
9.437878277775381408e-02,4.961958896222840565e+01,4.961903851164421297e+01,5.504505841956914593e-04,5.517680437712071517e-04,-1.317459575515649610e-06,1.000011093535882578e+00,1.939407597213199708e+01,-3.808353212950249533e-02,1.550594953488881700e+06,9.374078585939249475e-01,1.081060748117164794e+00,4.574231429019792995e+04,-9.470597482514590126e+01
9.884959046625586832e-02,4.562554249017829022e+01,4.562485113803774084e+01,6.913521405473938225e-04,6.922530009173095099e-04,-9.008603699156812055e-07,1.000015152973068533e+00,2.445624039923438886e+01,-2.356931602909922291e-02,1.425776598063679412e+06,9.222665657609826484e-01,1.194429508480775004e+00,5.833088446703071531e+04,-5.861208048947162297e+01
1.035321843295662625e-01,4.167927906969387664e+01,4.167870565167428509e+01,5.734180195900291611e-04,5.741568543935638563e-04,-7.388348035347158703e-07,1.000013758057277213e+00,2.086250636246532864e+01,-1.752442817371562683e-02,1.302459551614821423e+06,9.033301926943656524e-01,1.317508758721711803e+00,4.939400109032154432e+04,-4.357967763602684386e+01
1.084365968689610937e-01,3.782405167067637564e+01,3.782374415350525254e+01,3.075171711203481873e-04,3.082718226281145430e-04,-7.546515077663422710e-07,1.000008130267851625e+00,1.195123698775567078e+01,-1.626929083942059776e-02,1.181992004797039088e+06,8.796718094859576897e-01,1.449532118545497461e+00,2.723349218081426807e+04,-4.045840715146061939e+01
1.135733358343105209e-01,3.410498422526005413e+01,3.410493729582959332e+01,4.692943046220994193e-05,4.736024249935805126e-05,-4.308120371481059428e-07,1.000001376030398514e+00,2.740786479717395530e+00,-8.474311021341643727e-03,1.065779290494674817e+06,8.501947799739389966e-01,1.588669111503401066e+00,4.328980829915046343e+03,-2.107388263038517096e+01
1.189534067370319470e-01,3.056731863064245047e+01,3.056744869463198100e+01,-1.300639895304611562e-04,-1.304531081550215795e-04,3.891186245604269793e-07,9.999957450165098960e-01,-4.010293014643177223e+00,7.022758343394766220e-03,9.552327717072494561e+05,8.136569294310534994e-01,1.731507254403870100e+00,-1.245957655655087001e+04,1.746416725767386424e+01
1.245883364295008178e-01,2.725441703541246596e+01,2.725458398373248414e+01,-1.669483200181470881e-04,-1.677834955913466502e-04,8.351755731995589241e-07,9.999938744865775053e-01,-5.820467236875757067e+00,1.393881099625201778e-02,8.517057494916401338e+05,7.687500071668615931e-01,1.872414847256626880e+00,-1.696111054601715296e+04,3.466297923245586077e+01
1.304901978014403052e-01,2.420539036707627290e+01,2.420537091127419771e+01,1.945580207423447549e-05,1.957117534916252377e-05,-1.153732749280480073e-07,1.000000803780373593e+00,1.856258008214296318e+00,-1.800119812374250099e-03,7.564178409773187013e+05,7.142697922753481476e-01,2.002874929056068787e+00,2.129338977645718842e+03,-4.476530723390892419e+00
1.366716356462007453e-01,2.145221702117312645e+01,2.145187853935410160e+01,3.384818190263976607e-04,3.402859282756412625e-04,-1.804109249243625736e-06,1.000015778656326182e+00,1.737467587104986677e+01,-2.670668882150423196e-02,6.703712043548156507e+05,6.494134810579301753e-01,2.111022239247696941e+00,4.072047822508083482e+04,-6.641408655561662044e+01
1.431458937523478470e-01,1.901688769637706145e+01,1.901645954345350020e+01,4.281529235614119750e-04,4.302941313042980657e-04,-2.141207742886091604e-06,1.000022514859960188e+00,2.441743233107589006e+01,-3.066839996239445129e-02,5.942643607329218648e+05,5.742171649372080910e-01,2.181813920753566283e+00,5.823437671891709033e+04,-7.626605391772460507e+01
1.499268432786045602e-01,1.690933132137792683e+01,1.690918423137961923e+01,1.470899983068386311e-04,1.477491733251165725e-04,-6.591750182779521516e-07,1.000008698822858255e+00,1.042133715769096014e+01,-9.369979345162602127e-03,5.284120072306131478e+05,4.900749850185273648e-01,2.198427399076463562e+00,2.342894342471662094e+04,-2.330122702268107560e+01
1.570290124729377401e-01,1.512573182626886137e+01,1.512581701923710042e+01,-8.519296823887456834e-05,-8.571036960736262385e-05,5.174013684880554081e-07,9.999943677113024565e-01,-5.693486536489369421e+00,7.536600584579639973e-03,4.726817818511594087e+05,4.001575315986049541e-01,2.145369465158350142e+00,-1.664533545002083338e+04,1.874198808039246700e+01
1.644676177994664479e-01,1.364674968883999995e+01,1.364674764573107346e+01,2.043108926860727304e-06,1.753382964163686205e-06,2.897259626970412042e-07,1.000000149713981656e+00,1.177079696416053478e+00,4.497507968947449600e-03,4.264608639290960855e+05,3.094268780615991310e-01,2.013100676373326792e+00,4.403610782160485542e+02,1.118438476333089326e+01
1.722585965398787389e-01,1.243738742538710618e+01,1.243730521129060484e+01,8.221409650054305304e-05,8.218912167727522502e-05,2.497482326783244340e-08,1.000006610282139441e+00,1.246760600120576257e+01,4.329300306611859285e-04,3.886657878528314177e+05,2.239709013498366597e-01,1.802746799356498730e+00,2.851759657065907595e+04,1.076608662385211801e+00
1.804186409392071755e-01,1.144983511022790168e+01,1.144982283770517206e+01,1.227252272902004460e-05,1.225543514824527917e-05,1.708758077476513746e-08,1.000001071852630652e+00,3.558734066866928725e+00,3.493564357570655703e-04,3.578069636782866437e+05,1.496764956319247553e-01,1.528487368650431222e+00,6.363049606242188020e+03,8.687781820578619474e-01
1.889652339691209604e-01,1.062764811641742924e+01,1.062765412975555712e+01,-6.013338127189726500e-06,-5.526555257387282479e-06,-4.867828698024443388e-07,9.999994341801065056e-01,-9.037246770235838333e-01,-1.251240868743361614e-02,3.321141915548612014e+05,9.071944797362789525e-02,1.215750305263284092e+00,-4.734174884911333720e+03,-3.111580769673490821e+01
1.979166867853557332e-01,9.911056401061376420e+00,9.911049491482708973e+00,6.909578666741420850e-06,7.453689778493100519e-06,-5.441111117516795631e-07,1.000000697159132645e+00,5.794999576069473690e+00,-1.898510877840892119e-02,3.097202966088346438e+05,4.857723173540788586e-02,8.956215337347669392e-01,1.192418569773436502e+04,-4.721209230032992110e+01
2.072921779595371938e-01,9.244384900112001091e+00,9.244385330362350217e+00,-4.302503488957544641e-07,-3.736313178990610502e-07,-5.661903099669343376e-08,9.999999534581982541e-01,4.690492817792716318e-01,-2.958031791837214142e-03,2.888870415738234296e+05,2.199070136579358778e-02,5.981493246723157409e-01,-1.320366114734702933e+03,-7.356021585841704180e+00
2.171117945694505391e-01,8.583750690897263169e+00,8.583749598742555165e+00,1.092154707199758980e-06,1.199579268097716570e-06,-1.074245608979576031e-07,1.000000127235154634e+00,5.843214228358947437e+00,-9.661961060924354264e-03,2.682421749607048696e+05,7.740077221559434582e-03,3.474468078367530244e-01,1.204408570150509513e+04,-2.402732598136757147e+01
2.273965752357927639e-01,7.903429159684967509e+00,7.903428716874703497e+00,4.428102640132109453e-07,5.710774542437063921e-07,-1.282671902304954203e-07,1.000000056027615436e+00,1.117082365794664867e+01,-2.509709982759786642e-02,2.469821474023344927e+05,1.754643581021315653e-03,1.597136610300775028e-01,2.529276344497190439e+04,-6.241136710676492072e+01
2.381685551976158166e-01,7.199581478815173519e+00,7.199581477780617078e+00,1.034556293747869338e-09,8.568850347995236739e-09,-7.534294054247367401e-09,1.000000000143696832e+00,2.877900803904602789e+00,-5.440322319242352211e-03,2.249869211806443054e+05,1.425935666133588476e-04,4.327807717613682548e-02,4.669956180900962863e+03,-1.352897170500913582e+01
2.494508135230316670e-01,6.489532307087557683e+00,6.489532306904052916e+00,1.835043862053688594e-10,2.975471017504967269e-11,1.537496760303191996e-10,1.000000000028276936e+00,9.113991277217996512e+00,-4.198005324801944334e-03,2.027978845907516661e+05,1.145964619879539847e-07,-1.144514359608191437e-03,2.017784093709008448e+04,-1.043958279013011037e+01
2.612675225563328985e-01,5.805852992390610368e+00,5.805852995834517749e+00,-3.443907350302154948e-09,-2.481920685184661142e-09,-9.619866651174938054e-10,9.999999994068214937e-01,-1.120922546818074128e+00,-1.614365314229274095e-03,1.814329061198286945e+05,3.656900226195459563e-05,1.862161124248004271e-02,-5.274301675642943337e+03,-4.014597183057654561e+00
2.736439997074671671e-01,5.185780887643188564e+00,5.185780859287854483e+00,2.835533403562531775e-08,3.158681274706741237e-08,-3.231478711442094617e-09,1.000000005467900577e+00,2.026623324116155089e+00,-1.197611118382659913e-03,1.620556518527454464e+05,9.614898426310980852e-04,8.432095208746985537e-02,2.553002761351860499e+03,-2.978214521756459288e+00
2.866067616948250185e-01,4.658329397376802739e+00,4.658329300940131645e+00,9.643667111941986940e-08,1.429541015448850651e-07,-4.651743042546520228e-08,1.000000020701986569e+00,1.851349123986126610e+00,-8.685874679079568297e-03,1.455727906543791178e+05,5.247336900237951907e-03,1.673601973900262496e-01,2.117131584052296148e+03,-2.159999828519130460e+01
3.001835813575589040e-01,4.233110503128803437e+00,4.233108405277247854e+00,2.097851555472123444e-06,2.258735357291369494e-06,-1.608838018192461565e-07,1.000000495581817139e+00,5.484720810996797091e+00,-2.134519408076646085e-02,1.322846376649140147e+05,1.573910236335683901e-02,2.355386785347473033e-01,1.115258571026928257e+04,-5.308114295640386615e+01
3.144035471591500319e-01,3.895493578389349842e+00,3.895492540022392980e+00,1.038366956684318417e-06,1.054681506955175419e-06,-1.631455027085698253e-08,1.000000266556012152e+00,1.988075183269468305e+00,-1.911093787265037008e-03,1.217341418756997882e+05,3.335656805314246576e-02,2.667737707911745360e-01,2.457141399433848164e+03,-4.752500358678776848e+00
3.292971255097151273e-01,3.611436765116839975e+00,3.611431443162795851e+00,5.321954044161645847e-06,5.406255978649866117e-06,-8.430193448822011103e-08,1.000001473641166427e+00,4.045793476556511337e+00,-1.011221736695270407e-02,1.128572325988373777e+05,5.546846844120677938e-02,2.605200577834058118e-01,7.574266991109650917e+03,-2.514702155578489950e+01
3.448962260405759594e-01,3.341552715438484089e+00,3.341553152259773452e+00,-4.368212892144282242e-07,-4.542535506845086010e-07,1.743226147008036026e-08,9.999998692759715091e-01,8.140794555015615774e-01,2.308383343735176396e-03,1.044235360081179242e+05,7.635209705945175673e-02,2.359912067544823189e-01,-4.623464637384870457e+02,5.740478432913298512e+00
3.612342699709430449e-01,3.059181907643590215e+00,3.059179217210448165e+00,2.690433141941502899e-06,2.784308087409276127e-06,-9.387494546777302946e-08,1.000000879462414893e+00,1.975044246972383011e+00,-1.343729924727468314e-02,9.559935053782651084e+04,8.923659413581905286e-02,2.183170882692732906e-01,2.424736119358899941e+03,-3.341582182826203962e+01
3.783462617131929107e-01,2.762997053872394915e+00,2.762990062915657408e+00,6.990956737427139805e-06,7.025706329338723296e-06,-3.474959191158356343e-08,1.000002530214216589e+00,3.476032876939664451e+00,-4.882465902915115834e-03,8.634343946611430147e+04,8.867140854090732605e-02,2.224131758070499176e-01,6.157388619109284264e+03,-1.214169660822773089e+01
3.962688638701478139e-01,2.475695243263975609e+00,2.475697197828286011e+00,-1.954564310338582592e-06,-1.958505556499246095e-06,3.941246160663542851e-09,9.999992104994455122e-01,1.625689536075710651e-01,5.099740698392982510e-04,7.736553743213394773e+04,7.308458278954339804e-02,2.415102057238847910e-01,-2.082520164562084574e+03,1.268201469743996501e+00
4.150404757850476578e-01,2.227144498339132639e+00,2.227143640596910501e+00,8.577422221282951207e-07,8.978627581124926657e-07,-4.012053598419757803e-08,1.000000385131073921e+00,1.593237366422037393e+00,-5.081084426735399222e-03,6.959823876865344937e+04,4.729676985831399172e-02,2.467518041836042619e-01,1.475260301451331998e+03,-1.263562035597169064e+01
4.347013158125026533e-01,2.031388531536370667e+00,2.031388087550685118e+00,4.439856854789716792e-07,4.463095448790523455e-07,-2.323859400080687841e-09,1.000000218562709930e+00,1.639412680295905256e+00,-3.496640466680087773e-04,6.348087773595891485e+04,2.181247527186348442e-02,2.076867980695529803e-01,1.590088886636423013e+03,-8.695431476363871814e-01
4.552935074866947818e-01,1.874819770876456460e+00,1.874819669968963431e+00,1.009074930446352944e-07,1.354986864778151902e-07,-3.459119343317989582e-08,1.000000053822506008e+00,1.717440786339669678e+00,-8.628424436699715441e-03,5.858811468653011252e+04,5.901997813694125072e-03,1.252806700362474879e-01,1.784128867526480917e+03,-2.145713125305722713e+01
4.768611697714469355e-01,1.727211165097539469e+00,1.727211152227663860e+00,1.286987558675142580e-08,4.688111501003642555e-09,8.181764085747783249e-09,1.000000007451246287e+00,1.284270700400149456e+00,6.460668465519806003e-03,5.397534850711449690e+04,5.153661077280928971e-04,3.957487201891993905e-02,7.069232366387345792e+02,1.606636440570949276e+01
4.994505115855140120e-01,1.568814691652085314e+00,1.568814691586304821e+00,6.578052036434708856e-11,3.094423334377436772e-12,6.268609702996965299e-11,1.000000000041930015e+00,1.143326948662912734e+00,-1.400083834426657211e-03,4.902545911207202880e+04,6.746863035975390199e-07,-1.399159453182851568e-03,3.564248805934515190e+02,-3.481722859250894864e+00
5.231099308056263997e-01,1.408272063757875836e+00,1.408272062785740797e+00,9.721349691174043295e-10,-1.665740950793436215e-10,1.138709064196748029e-09,1.000000000690303370e+00,9.682542968121917726e-01,1.855838113585046812e-03,4.400850196205440443e+04,1.639730718968167983e-04,1.917444091468038098e-02,-7.894508725418472750e+01,4.615090771178102180e+00
5.478901179593944626e-01,1.270342724387003130e+00,1.270342719559911959e+00,4.827091161567249928e-09,-2.963425178919301357e-09,7.790516340486551699e-09,1.000000003799833781e+00,9.734797404029998935e-01,3.562391393499702262e-03,3.969820998624725325e+04,3.491935533380057400e-03,6.833994604984582055e-02,-6.595047510848193895e+01,8.858940617242232918e+00
5.738441648302392561e-01,1.164274735433675545e+00,1.164274734031402359e+00,1.402273113401520903e-09,-2.017979022333804353e-09,3.420252135735325256e-09,1.000000001204417677e+00,9.955845306731482269e-01,1.146313758268884681e-03,3.638358543848132831e+04,1.428202525707367165e-02,9.324050982615700311e-02,-1.098037139748603863e+01,2.850648452542828615e+00
6.010276782070381740e-01,1.071460608277329918e+00,1.071460513816745008e+00,9.446058484963373645e-08,8.636212778828832729e-08,8.098457061345407513e-09,1.000000088160584166e+00,1.096229783768416510e+00,2.977558887252836680e-03,3.348314105677328189e+04,2.804554253056302376e-02,8.499471975197048224e-02,2.393038399907458427e+02,7.404581488335820083e+00
6.294988990221888070e-01,9.717290731938231785e-01,9.717288822122175374e-01,1.909816055919102819e-07,1.865835720431015967e-07,4.398033548808684406e-09,1.000000196537953245e+00,1.179080435412791505e+00,1.719194393535806000e-03,3.036652756913179837e+04,3.255931678358226639e-02,7.994357643152058546e-02,4.453365079217919060e+02,4.275285716673386638e+00
6.593188271333548789e-01,8.723307501287220767e-01,8.723306707494244971e-01,7.937929758096042106e-08,8.673429392114842781e-08,-7.354996340188005092e-09,1.000000090996797653e+00,1.123007356332440310e+00,-2.566903545975119001e-03,2.726033346091951535e+04,2.203483406074205342e-02,8.954120461256435959e-02,3.058941999527189637e+02,-6.383365434094600666e+00
6.905513520162330776e-01,7.926740104849196999e-01,7.926740275104772193e-01,-1.702555755357392993e-08,-2.283413341374686235e-08,5.808575860172931597e-09,9.999999785213632419e-01,8.969693358550452356e-01,2.457434968971026340e-03,2.477106335970241344e+04,6.925769867654796123e-03,7.386482162187553435e-02,-2.562162420111010306e+02,6.111139416228395405e+00
7.232633896483533498e-01,7.282230336378245905e-01,7.282230314415769623e-01,2.196247683120231713e-09,-3.093841305222451471e-10,2.505631813642476757e-09,1.000000003015899752e+00,9.771220620278580071e-01,3.427210644502553302e-03,2.275696973254928162e+04,4.226016387750059140e-04,2.284685777978858259e-02,-5.689276431275277446e+01,8.522773673277216133e+00
7.575250258771912826e-01,6.600247231676972248e-01,6.600247232105634909e-01,-4.286626757700463130e-11,9.729141896186886973e-12,-5.259540947319151666e-11,9.999999999350535074e-01,1.134693830988801277e+00,9.781737283482536040e-04,2.062577260033011044e+04,2.257235405837691619e-06,-1.680280811479810139e-03,3.349560782164380157e+02,2.432518501082084228e+00
7.934096665797492065e-01,5.928024971107636043e-01,5.928025023909097024e-01,-5.280146086445843513e-09,-2.303905738017688344e-09,-2.976240348428155583e-09,9.999999910929086022e-01,9.251038532659251468e-01,-3.447970525482168484e-03,1.852507819971592835e+04,9.612918347947111905e-04,2.697456669104605215e-02,-1.862514370509989021e+02,-8.574399261963234764e+00
8.309941949353395474e-01,5.408486543641528588e-01,5.408486130392893276e-01,4.132486347970970522e-08,3.997420915697764646e-08,1.350654322732056274e-09,1.000000076407450367e+00,1.146388882561226730e+00,8.947191500225159860e-04,1.690151915747779276e+04,8.533394164226095965e-03,4.717452128337096262e-02,3.640392855205967066e+02,2.224983990704101799e+00
8.703591361485165656e-01,4.932664840268877748e-01,4.932665036772231892e-01,-1.965033542973702223e-08,-2.341456652888006878e-08,3.764231099143047375e-09,9.999999601628424273e-01,9.565391355247949701e-01,2.909485167972600955e-03,1.541457823991322584e+04,1.683595604604113879e-02,4.043059684342339283e-02,-1.080783033168098086e+02,7.235296036490513671e+00
9.115888299750827262e-01,4.426544585463739190e-01,4.426544258001102183e-01,3.274626372388209450e-08,3.173579304367977247e-08,1.010470680202324300e-09,1.000000073977038939e+00,1.086834672574615634e+00,6.914004931348212814e-04,1.383295080625344417e+04,1.142105455355755562e-02,4.567137146974114409e-02,2.159401151877548557e+02,1.719371970915325898e+00
9.547716114208055771e-01,4.021378082869060955e-01,4.021378021894192467e-01,6.097486844168486316e-09,3.226911492348858961e-09,2.870575351819627769e-09,1.000000015162680000e+00,1.061534365826610538e+00,3.069198639844959112e-03,1.256680631841935246e+04,1.638775061403053949e-03,2.922765525169620376e-02,1.530234139270326068e+02,7.632470857222610761e+00
1.000000000000000000e+00,3.657527994203444988e-01,3.657527994944918537e-01,-7.414736439223834553e-11,-2.892047079882492442e-12,-7.125531731235585794e-11,9.999999997972747190e-01,9.753337942049753462e-01,1.353698305032558424e-03,1.142977498420287156e+04,3.663979454211694916e-06,-1.644922400901997197e-03,-6.133982155625207611e+01,3.366371510953938273e+00
